Workbook

Sheet Beneficiários
A1: CADASTRAMENTO URBANO — LUNDA SUL 2026
A2: FAS — Instituto de Desenvolvimento Local | Província da Lunda Sul
A4: Nº | B4: Nome do Beneficiário | C4: Município | D4: Bairro | E4: Documento | F4: Data de Nascimento | G4: Género | H4: Telefone | I4: Categoria | J4: Técnico
A5: =IF(B5<>"",ROW()-4,"")
A6: =IF(B6<>"",ROW()-4,"")
A7: =IF(B7<>"",ROW()-4,"")
A8: =IF(B8<>"",ROW()-4,"")
A9: =IF(B9<>"",ROW()-4,"")
A10: =IF(B10<>"",ROW()-4,"")
A11: =IF(B11<>"",ROW()-4,"")
A12: =IF(B12<>"",ROW()-4,"")
A13: =IF(B13<>"",ROW()-4,"")
A14: =IF(B14<>"",ROW()-4,"")
A15: =IF(B15<>"",ROW()-4,"")
A16: =IF(B16<>"",ROW()-4,"")
... A24: =IF(B24<>"",ROW()-4,"")
A25: TOTAL DE BENEFICIÁRIOS: | I25: =COUNTA(B5:B24) -> 0 | J25: beneficiários registados

Sheet Resumo por Categoria
A1: RESUMO POR CATEGORIA — LUNDA SUL 2026
A2: Categoria | B2: Total | C2: %
A3: Idoso | B3: =COUNTIF(Beneficiários!I5:I24,A3) -> 0 | C3: =IF(B8>0,B3/B8,0) -> 0
A4: Pessoa com deficiência | B4: =COUNTIF(Beneficiários!I5:I24,A4) -> 0 | C4: =IF(B8>0,B4/B8,0) -> 0
A5: Pessoa com albinismo | B5: =COUNTIF(Beneficiários!I5:I24,A5) -> 0 | C5: =IF(B8>0,B5/B8,0) -> 0
A6: Pessoa com doença crónica | B6: =COUNTIF(Beneficiários!I5:I24,A6) -> 0 | C6: =IF(B8>0,B6/B8,0) -> 0
A7: Criança e jovem com necessidades especiais | B7: =COUNTIF(Beneficiários!I5:I24,A7) -> 0 | C7: =IF(B8>0,B7/B8,0) -> 0
A8: TOTAL | B8: =SUM(B3:B7) -> 0 | C8: 100%

Sheet Resumo por Instituição
A1: RESUMO POR INSTITUIÇÃO — LUNDA SUL 2026
A2: Instituição | B2: Total | C2: %
A3: Direção Municipal de Ação Social | B3: =COUNTIF(Beneficiários!A5:A24,A3) -> 0 | C3: =IF(B7>0,B3/B7,0) -> 0
A4: Associação de Pessoas com Deficiências | B4: =COUNTIF(Beneficiários!A5:A24,A4) -> 0 | C4: =IF(B7>0,B4/B7,0) -> 0
A5: Associação de Pessoas com Albinismo | B5: =COUNTIF(Beneficiários!A5:A24,A5) -> 0 | C5: =IF(B7>0,B5/B7,0) -> 0
A6: Saúde Pública | B6: =COUNTIF(Beneficiários!A5:A24,A6) -> 0 | C6: =IF(B7>0,B6/B7,0) -> 0
A7: TOTAL | B7: =SUM(B3:B6) -> 0 | C7: 100%
